{"initial_reset_timestamp": 1598725867.2759953, "timestamps": [1598725871.7392607], "episode_lengths": [149], "episode_rewards": [11.23991202293412], "episode_types": ["t"]}