{"initial_reset_timestamp": 1598801554.7715402, "timestamps": [1598801563.1910393], "episode_lengths": [416], "episode_rewards": [178.2123488890551], "episode_types": ["t"]}